csv_numero,nome_csv,slug_tentado,situacao,tratamento_aplicado
1,Bulbasaur,bulbasaur,conciliado,
2,Ivysaur,ivysaur,conciliado,
3,Venusaur,venusaur,conciliado,
4,Mega Venusaur,venusaur-mega,conciliado,
5,Charmander,charmander,conciliado,
6,Charmeleon,charmeleon,conciliado,
7,Charizard,charizard,conciliado,
8,Mega Charizard X,charizard-mega-x,conciliado,
9,Mega Charizard Y,charizard-mega-y,conciliado,
10,Squirtle,squirtle,conciliado,
11,Wartortle,wartortle,conciliado,
12,Blastoise,blastoise,conciliado,
13,Mega Blastoise,blastoise-mega,conciliado,
14,Caterpie,caterpie,conciliado,
15,Metapod,metapod,conciliado,
16,Butterfree,butterfree,conciliado,
17,Weedle,weedle,conciliado,
18,Kakuna,kakuna,conciliado,
19,Beedrill,beedrill,conciliado,
20,Mega Beedrill,beedrill-mega,conciliado,
21,Pidgey,pidgey,conciliado,
22,Pidgeotto,pidgeotto,conciliado,
23,Pidgeot,pidgeot,conciliado,
24,Mega Pidgeot,pidgeot-mega,conciliado,
25,Rattata,rattata,conciliado,
26,Raticate,raticate,conciliado,
27,Spearow,spearow,conciliado,
28,Fearow,fearow,conciliado,
29,Ekans,ekans,conciliado,
30,Arbok,arbok,conciliado,
31,Pikachu,pikachu,conciliado,
32,Raichu,raichu,conciliado,
33,Sandshrew,sandshrew,conciliado,
34,Sandslash,sandslash,conciliado,
35,Nidoran♀,nidoran-f,conciliado,
36,Nidorina,nidorina,conciliado,
37,Nidoqueen,nidoqueen,conciliado,
38,Nidoran♂,nidoran-m,conciliado,
39,Nidorino,nidorino,conciliado,
40,Nidoking,nidoking,conciliado,
41,Clefairy,clefairy,conciliado,
42,Clefable,clefable,conciliado,
43,Vulpix,vulpix,conciliado,
44,Ninetales,ninetales,conciliado,
45,Jigglypuff,jigglypuff,conciliado,
46,Wigglytuff,wigglytuff,conciliado,
47,Zubat,zubat,conciliado,
48,Golbat,golbat,conciliado,
49,Oddish,oddish,conciliado,
50,Gloom,gloom,conciliado,
51,Vileplume,vileplume,conciliado,
52,Paras,paras,conciliado,
53,Parasect,parasect,conciliado,
54,Venonat,venonat,conciliado,
55,Venomoth,venomoth,conciliado,
56,Diglett,diglett,conciliado,
57,Dugtrio,dugtrio,conciliado,
58,Meowth,meowth,conciliado,
59,Persian,persian,conciliado,
60,Psyduck,psyduck,conciliado,
61,Golduck,golduck,conciliado,
62,Mankey,mankey,conciliado,
63,,,nao_conciliado,"sem nome na fonte: carregado só com atributos do CSV (tipo, status, geração, lendário); pokedex_numero e habitat desconhecidos"
64,Growlithe,growlithe,conciliado,
65,Arcanine,arcanine,conciliado,
66,Poliwag,poliwag,conciliado,
67,Poliwhirl,poliwhirl,conciliado,
68,Poliwrath,poliwrath,conciliado,
69,Abra,abra,conciliado,
70,Kadabra,kadabra,conciliado,
71,Alakazam,alakazam,conciliado,
72,Mega Alakazam,alakazam-mega,conciliado,
73,Machop,machop,conciliado,
74,Machoke,machoke,conciliado,
75,Machamp,machamp,conciliado,
76,Bellsprout,bellsprout,conciliado,
77,Weepinbell,weepinbell,conciliado,
78,Victreebel,victreebel,conciliado,
79,Tentacool,tentacool,conciliado,
80,Tentacruel,tentacruel,conciliado,
81,Geodude,geodude,conciliado,
82,Graveler,graveler,conciliado,
83,Golem,golem,conciliado,
84,Ponyta,ponyta,conciliado,
85,Rapidash,rapidash,conciliado,
86,Slowpoke,slowpoke,conciliado,
87,Slowbro,slowbro,conciliado,
88,Mega Slowbro,slowbro-mega,conciliado,
89,Magnemite,magnemite,conciliado,
90,Magneton,magneton,conciliado,
91,Farfetch'd,farfetchd,conciliado,
92,Doduo,doduo,conciliado,
93,Dodrio,dodrio,conciliado,
94,Seel,seel,conciliado,
95,Dewgong,dewgong,conciliado,
96,Grimer,grimer,conciliado,
97,Muk,muk,conciliado,
98,Shellder,shellder,conciliado,
99,Cloyster,cloyster,conciliado,
100,Gastly,gastly,conciliado,
101,Haunter,haunter,conciliado,
102,Gengar,gengar,conciliado,
103,Mega Gengar,gengar-mega,conciliado,
104,Onix,onix,conciliado,
105,Drowzee,drowzee,conciliado,
106,Hypno,hypno,conciliado,
107,Krabby,krabby,conciliado,
108,Kingler,kingler,conciliado,
109,Voltorb,voltorb,conciliado,
110,Electrode,electrode,conciliado,
111,Exeggcute,exeggcute,conciliado,
112,Exeggutor,exeggutor,conciliado,
113,Cubone,cubone,conciliado,
114,Marowak,marowak,conciliado,
115,Hitmonlee,hitmonlee,conciliado,
116,Hitmonchan,hitmonchan,conciliado,
117,Lickitung,lickitung,conciliado,
118,Koffing,koffing,conciliado,
119,Weezing,weezing,conciliado,
120,Rhyhorn,rhyhorn,conciliado,
121,Rhydon,rhydon,conciliado,
122,Chansey,chansey,conciliado,
123,Tangela,tangela,conciliado,
124,Kangaskhan,kangaskhan,conciliado,
125,Mega Kangaskhan,kangaskhan-mega,conciliado,
126,Horsea,horsea,conciliado,
127,Seadra,seadra,conciliado,
128,Goldeen,goldeen,conciliado,
129,Seaking,seaking,conciliado,
130,Staryu,staryu,conciliado,
131,Starmie,starmie,conciliado,
132,Mr. Mime,mr-mime,conciliado,
133,Scyther,scyther,conciliado,
134,Jynx,jynx,conciliado,
135,Electabuzz,electabuzz,conciliado,
136,Magmar,magmar,conciliado,
137,Pinsir,pinsir,conciliado,
138,Mega Pinsir,pinsir-mega,conciliado,
139,Tauros,tauros,conciliado,
140,Magikarp,magikarp,conciliado,
141,Gyarados,gyarados,conciliado,
142,Mega Gyarados,gyarados-mega,conciliado,
143,Lapras,lapras,conciliado,
144,Ditto,ditto,conciliado,
145,Eevee,eevee,conciliado,
146,Vaporeon,vaporeon,conciliado,
147,Jolteon,jolteon,conciliado,
148,Flareon,flareon,conciliado,
149,Porygon,porygon,conciliado,
150,Omanyte,omanyte,conciliado,
151,Omastar,omastar,conciliado,
152,Kabuto,kabuto,conciliado,
153,Kabutops,kabutops,conciliado,
154,Aerodactyl,aerodactyl,conciliado,
155,Mega Aerodactyl,aerodactyl-mega,conciliado,
156,Snorlax,snorlax,conciliado,
157,Articuno,articuno,conciliado,
158,Zapdos,zapdos,conciliado,
159,Moltres,moltres,conciliado,
160,Dratini,dratini,conciliado,
161,Dragonair,dragonair,conciliado,
162,Dragonite,dragonite,conciliado,
163,Mewtwo,mewtwo,conciliado,
164,Mega Mewtwo X,mewtwo-mega-x,conciliado,
165,Mega Mewtwo Y,mewtwo-mega-y,conciliado,
166,Mew,mew,conciliado,
167,Chikorita,chikorita,conciliado,
168,Bayleef,bayleef,conciliado,
169,Meganium,meganium,conciliado,
170,Cyndaquil,cyndaquil,conciliado,
171,Quilava,quilava,conciliado,
172,Typhlosion,typhlosion,conciliado,
173,Totodile,totodile,conciliado,
174,Croconaw,croconaw,conciliado,
175,Feraligatr,feraligatr,conciliado,
176,Sentret,sentret,conciliado,
177,Furret,furret,conciliado,
178,Hoothoot,hoothoot,conciliado,
179,Noctowl,noctowl,conciliado,
180,Ledyba,ledyba,conciliado,
181,Ledian,ledian,conciliado,
182,Spinarak,spinarak,conciliado,
183,Ariados,ariados,conciliado,
184,Crobat,crobat,conciliado,
185,Chinchou,chinchou,conciliado,
186,Lanturn,lanturn,conciliado,
187,Pichu,pichu,conciliado,
188,Cleffa,cleffa,conciliado,
189,Igglybuff,igglybuff,conciliado,
190,Togepi,togepi,conciliado,
191,Togetic,togetic,conciliado,
192,Natu,natu,conciliado,
193,Xatu,xatu,conciliado,
194,Mareep,mareep,conciliado,
195,Flaaffy,flaaffy,conciliado,
196,Ampharos,ampharos,conciliado,
197,Mega Ampharos,ampharos-mega,conciliado,
198,Bellossom,bellossom,conciliado,
199,Marill,marill,conciliado,
200,Azumarill,azumarill,conciliado,
201,Sudowoodo,sudowoodo,conciliado,
202,Politoed,politoed,conciliado,
203,Hoppip,hoppip,conciliado,
204,Skiploom,skiploom,conciliado,
205,Jumpluff,jumpluff,conciliado,
206,Aipom,aipom,conciliado,
207,Sunkern,sunkern,conciliado,
208,Sunflora,sunflora,conciliado,
209,Yanma,yanma,conciliado,
210,Wooper,wooper,conciliado,
211,Quagsire,quagsire,conciliado,
212,Espeon,espeon,conciliado,
213,Umbreon,umbreon,conciliado,
214,Murkrow,murkrow,conciliado,
215,Slowking,slowking,conciliado,
216,Misdreavus,misdreavus,conciliado,
217,Unown,unown,conciliado,
218,Wobbuffet,wobbuffet,conciliado,
219,Girafarig,girafarig,conciliado,
220,Pineco,pineco,conciliado,
221,Forretress,forretress,conciliado,
222,Dunsparce,dunsparce,conciliado,
223,Gligar,gligar,conciliado,
224,Steelix,steelix,conciliado,
225,Mega Steelix,steelix-mega,conciliado,
226,Snubbull,snubbull,conciliado,
227,Granbull,granbull,conciliado,
228,Qwilfish,qwilfish,conciliado,
229,Scizor,scizor,conciliado,
230,Mega Scizor,scizor-mega,conciliado,
231,Shuckle,shuckle,conciliado,
232,Heracross,heracross,conciliado,
233,Mega Heracross,heracross-mega,conciliado,
234,Sneasel,sneasel,conciliado,
235,Teddiursa,teddiursa,conciliado,
236,Ursaring,ursaring,conciliado,
237,Slugma,slugma,conciliado,
238,Magcargo,magcargo,conciliado,
239,Swinub,swinub,conciliado,
240,Piloswine,piloswine,conciliado,
241,Corsola,corsola,conciliado,
242,Remoraid,remoraid,conciliado,
243,Octillery,octillery,conciliado,
244,Delibird,delibird,conciliado,
245,Mantine,mantine,conciliado,
246,Skarmory,skarmory,conciliado,
247,Houndour,houndour,conciliado,
248,Houndoom,houndoom,conciliado,
249,Mega Houndoom,houndoom-mega,conciliado,
250,Kingdra,kingdra,conciliado,
251,Phanpy,phanpy,conciliado,
252,Donphan,donphan,conciliado,
253,Porygon2,porygon2,conciliado,
254,Stantler,stantler,conciliado,
255,Smeargle,smeargle,conciliado,
256,Tyrogue,tyrogue,conciliado,
257,Hitmontop,hitmontop,conciliado,
258,Smoochum,smoochum,conciliado,
259,Elekid,elekid,conciliado,
260,Magby,magby,conciliado,
261,Miltank,miltank,conciliado,
262,Blissey,blissey,conciliado,
263,Raikou,raikou,conciliado,
264,Entei,entei,conciliado,
265,Suicune,suicune,conciliado,
266,Larvitar,larvitar,conciliado,
267,Pupitar,pupitar,conciliado,
268,Tyranitar,tyranitar,conciliado,
269,Mega Tyranitar,tyranitar-mega,conciliado,
270,Lugia,lugia,conciliado,
271,Ho-oh,ho-oh,conciliado,
272,Celebi,celebi,conciliado,
273,Treecko,treecko,conciliado,
274,Grovyle,grovyle,conciliado,
275,Sceptile,sceptile,conciliado,
276,Mega Sceptile,sceptile-mega,conciliado,
277,Torchic,torchic,conciliado,
278,Combusken,combusken,conciliado,
279,Blaziken,blaziken,conciliado,
280,Mega Blaziken,blaziken-mega,conciliado,
281,Mudkip,mudkip,conciliado,
282,Marshtomp,marshtomp,conciliado,
283,Swampert,swampert,conciliado,
284,Mega Swampert,swampert-mega,conciliado,
285,Poochyena,poochyena,conciliado,
286,Mightyena,mightyena,conciliado,
287,Zigzagoon,zigzagoon,conciliado,
288,Linoone,linoone,conciliado,
289,Wurmple,wurmple,conciliado,
290,Silcoon,silcoon,conciliado,
291,Beautifly,beautifly,conciliado,
292,Cascoon,cascoon,conciliado,
293,Dustox,dustox,conciliado,
294,Lotad,lotad,conciliado,
295,Lombre,lombre,conciliado,
296,Ludicolo,ludicolo,conciliado,
297,Seedot,seedot,conciliado,
298,Nuzleaf,nuzleaf,conciliado,
299,Shiftry,shiftry,conciliado,
300,Taillow,taillow,conciliado,
301,Swellow,swellow,conciliado,
302,Wingull,wingull,conciliado,
303,Pelipper,pelipper,conciliado,
304,Ralts,ralts,conciliado,
305,Kirlia,kirlia,conciliado,
306,Gardevoir,gardevoir,conciliado,
307,Mega Gardevoir,gardevoir-mega,conciliado,
308,Surskit,surskit,conciliado,
309,Masquerain,masquerain,conciliado,
310,Shroomish,shroomish,conciliado,
311,Breloom,breloom,conciliado,
312,Slakoth,slakoth,conciliado,
313,Vigoroth,vigoroth,conciliado,
314,Slaking,slaking,conciliado,
315,Nincada,nincada,conciliado,
316,Ninjask,ninjask,conciliado,
317,Shedinja,shedinja,conciliado,
318,Whismur,whismur,conciliado,
319,Loudred,loudred,conciliado,
320,Exploud,exploud,conciliado,
321,Makuhita,makuhita,conciliado,
322,Hariyama,hariyama,conciliado,
323,Azurill,azurill,conciliado,
324,Nosepass,nosepass,conciliado,
325,Skitty,skitty,conciliado,
326,Delcatty,delcatty,conciliado,
327,Sableye,sableye,conciliado,
328,Mega Sableye,sableye-mega,conciliado,
329,Mawile,mawile,conciliado,
330,Mega Mawile,mawile-mega,conciliado,
331,Aron,aron,conciliado,
332,Lairon,lairon,conciliado,
333,Aggron,aggron,conciliado,
334,Mega Aggron,aggron-mega,conciliado,
335,Meditite,meditite,conciliado,
336,Medicham,medicham,conciliado,
337,Mega Medicham,medicham-mega,conciliado,
338,Electrike,electrike,conciliado,
339,Manectric,manectric,conciliado,
340,Mega Manectric,manectric-mega,conciliado,
341,Plusle,plusle,conciliado,
342,Minun,minun,conciliado,
343,Volbeat,volbeat,conciliado,
344,Illumise,illumise,conciliado,
345,Roselia,roselia,conciliado,
346,Gulpin,gulpin,conciliado,
347,Swalot,swalot,conciliado,
348,Carvanha,carvanha,conciliado,
349,Sharpedo,sharpedo,conciliado,
350,Mega Sharpedo,sharpedo-mega,conciliado,
351,Wailmer,wailmer,conciliado,
352,Wailord,wailord,conciliado,
353,Numel,numel,conciliado,
354,Camerupt,camerupt,conciliado,
355,Mega Camerupt,camerupt-mega,conciliado,
356,Torkoal,torkoal,conciliado,
357,Spoink,spoink,conciliado,
358,Grumpig,grumpig,conciliado,
359,Spinda,spinda,conciliado,
360,Trapinch,trapinch,conciliado,
361,Vibrava,vibrava,conciliado,
362,Flygon,flygon,conciliado,
363,Cacnea,cacnea,conciliado,
364,Cacturne,cacturne,conciliado,
365,Swablu,swablu,conciliado,
366,Altaria,altaria,conciliado,
367,Mega Altaria,altaria-mega,conciliado,
368,Zangoose,zangoose,conciliado,
369,Seviper,seviper,conciliado,
370,Lunatone,lunatone,conciliado,
371,Solrock,solrock,conciliado,
372,Barboach,barboach,conciliado,
373,Whiscash,whiscash,conciliado,
374,Corphish,corphish,conciliado,
375,Crawdaunt,crawdaunt,conciliado,
376,Baltoy,baltoy,conciliado,
377,Claydol,claydol,conciliado,
378,Lileep,lileep,conciliado,
379,Cradily,cradily,conciliado,
380,Anorith,anorith,conciliado,
381,Armaldo,armaldo,conciliado,
382,Feebas,feebas,conciliado,
383,Milotic,milotic,conciliado,
384,Castform,castform,conciliado,
385,Kecleon,kecleon,conciliado,
386,Shuppet,shuppet,conciliado,
387,Banette,banette,conciliado,
388,Mega Banette,banette-mega,conciliado,
389,Duskull,duskull,conciliado,
390,Dusclops,dusclops,conciliado,
391,Tropius,tropius,conciliado,
392,Chimecho,chimecho,conciliado,
393,Absol,absol,conciliado,
394,Mega Absol,absol-mega,conciliado,
395,Wynaut,wynaut,conciliado,
396,Snorunt,snorunt,conciliado,
397,Glalie,glalie,conciliado,
398,Mega Glalie,glalie-mega,conciliado,
399,Spheal,spheal,conciliado,
400,Sealeo,sealeo,conciliado,
401,Walrein,walrein,conciliado,
402,Clamperl,clamperl,conciliado,
403,Huntail,huntail,conciliado,
404,Gorebyss,gorebyss,conciliado,
405,Relicanth,relicanth,conciliado,
406,Luvdisc,luvdisc,conciliado,
407,Bagon,bagon,conciliado,
408,Shelgon,shelgon,conciliado,
409,Salamence,salamence,conciliado,
410,Mega Salamence,salamence-mega,conciliado,
411,Beldum,beldum,conciliado,
412,Metang,metang,conciliado,
413,Metagross,metagross,conciliado,
414,Mega Metagross,metagross-mega,conciliado,
415,Regirock,regirock,conciliado,
416,Regice,regice,conciliado,
417,Registeel,registeel,conciliado,
418,Latias,latias,conciliado,
419,Mega Latias,latias-mega,conciliado,
420,Latios,latios,conciliado,
421,Mega Latios,latios-mega,conciliado,
422,Kyogre,kyogre,conciliado,
423,Primal Kyogre,kyogre-primal,conciliado,
424,Groudon,groudon,conciliado,
425,Primal Groudon,groudon-primal,conciliado,
426,Rayquaza,rayquaza,conciliado,
427,Mega Rayquaza,rayquaza-mega,conciliado,
428,Jirachi,jirachi,conciliado,
429,Deoxys Normal Forme,deoxys-normal,conciliado,
430,DeoxysAttack Forme,deoxys-attack,conciliado,
431,Deoxys Defense Forme,deoxys-defense,conciliado,
432,Deoxys Speed Forme,deoxys-speed,conciliado,
433,Turtwig,turtwig,conciliado,
434,Grotle,grotle,conciliado,
435,Torterra,torterra,conciliado,
436,Chimchar,chimchar,conciliado,
437,Monferno,monferno,conciliado,
438,Infernape,infernape,conciliado,
439,Piplup,piplup,conciliado,
440,Prinplup,prinplup,conciliado,
441,Empoleon,empoleon,conciliado,
442,Starly,starly,conciliado,
443,Staravia,staravia,conciliado,
444,Staraptor,staraptor,conciliado,
445,Bidoof,bidoof,conciliado,
446,Bibarel,bibarel,conciliado,
447,Kricketot,kricketot,conciliado,
448,Kricketune,kricketune,conciliado,
449,Shinx,shinx,conciliado,
450,Luxio,luxio,conciliado,
451,Luxray,luxray,conciliado,
452,Budew,budew,conciliado,
453,Roserade,roserade,conciliado,
454,Cranidos,cranidos,conciliado,
455,Rampardos,rampardos,conciliado,
456,Shieldon,shieldon,conciliado,
457,Bastiodon,bastiodon,conciliado,
458,Burmy,burmy,conciliado,
459,Wormadam Plant Cloak,wormadam-plant,conciliado,
460,Wormadam Sandy Cloak,wormadam-sandy,conciliado,
461,Wormadam Trash Cloak,wormadam-trash,conciliado,
462,Mothim,mothim,conciliado,
463,Combee,combee,conciliado,
464,Vespiquen,vespiquen,conciliado,
465,Pachirisu,pachirisu,conciliado,
466,Buizel,buizel,conciliado,
467,Floatzel,floatzel,conciliado,
468,Cherubi,cherubi,conciliado,
469,Cherrim,cherrim,conciliado,
470,Shellos,shellos,conciliado,
471,Gastrodon,gastrodon,conciliado,
472,Ambipom,ambipom,conciliado,
473,Drifloon,drifloon,conciliado,
474,Drifblim,drifblim,conciliado,
475,Buneary,buneary,conciliado,
476,Lopunny,lopunny,conciliado,
477,Mega Lopunny,lopunny-mega,conciliado,
478,Mismagius,mismagius,conciliado,
479,Honchkrow,honchkrow,conciliado,
480,Glameow,glameow,conciliado,
481,Purugly,purugly,conciliado,
482,Chingling,chingling,conciliado,
483,Stunky,stunky,conciliado,
484,Skuntank,skuntank,conciliado,
485,Bronzor,bronzor,conciliado,
486,Bronzong,bronzong,conciliado,
487,Bonsly,bonsly,conciliado,
488,Mime Jr.,mime-jr,conciliado,
489,Happiny,happiny,conciliado,
490,Chatot,chatot,conciliado,
491,Spiritomb,spiritomb,conciliado,
492,Gible,gible,conciliado,
493,Gabite,gabite,conciliado,
494,Garchomp,garchomp,conciliado,
495,Mega Garchomp,garchomp-mega,conciliado,
496,Munchlax,munchlax,conciliado,
497,Riolu,riolu,conciliado,
498,Lucario,lucario,conciliado,
499,Mega Lucario,lucario-mega,conciliado,
500,Hippopotas,hippopotas,conciliado,
501,Hippowdon,hippowdon,conciliado,
502,Skorupi,skorupi,conciliado,
503,Drapion,drapion,conciliado,
504,Croagunk,croagunk,conciliado,
505,Toxicroak,toxicroak,conciliado,
506,Carnivine,carnivine,conciliado,
507,Finneon,finneon,conciliado,
508,Lumineon,lumineon,conciliado,
509,Mantyke,mantyke,conciliado,
510,Snover,snover,conciliado,
511,Abomasnow,abomasnow,conciliado,
512,Mega Abomasnow,abomasnow-mega,conciliado,
513,Weavile,weavile,conciliado,
514,Magnezone,magnezone,conciliado,
515,Lickilicky,lickilicky,conciliado,
516,Rhyperior,rhyperior,conciliado,
517,Tangrowth,tangrowth,conciliado,
518,Electivire,electivire,conciliado,
519,Magmortar,magmortar,conciliado,
520,Togekiss,togekiss,conciliado,
521,Yanmega,yanmega,conciliado,
522,Leafeon,leafeon,conciliado,
523,Glaceon,glaceon,conciliado,
524,Gliscor,gliscor,conciliado,
525,Mamoswine,mamoswine,conciliado,
526,Porygon-Z,porygon-z,conciliado,
527,Gallade,gallade,conciliado,
528,Mega Gallade,gallade-mega,conciliado,
529,Probopass,probopass,conciliado,
530,Dusknoir,dusknoir,conciliado,
531,Froslass,froslass,conciliado,
532,Rotom,rotom,conciliado,
533,Heat Rotom,rotom-heat,conciliado,
534,Wash Rotom,rotom-wash,conciliado,
535,Frost Rotom,rotom-frost,conciliado,
536,Fan Rotom,rotom-fan,conciliado,
537,Mow Rotom,rotom-mow,conciliado,
538,Uxie,uxie,conciliado,
539,Mesprit,mesprit,conciliado,
540,Azelf,azelf,conciliado,
541,Dialga,dialga,conciliado,
542,Palkia,palkia,conciliado,
543,Heatran,heatran,conciliado,
544,Regigigas,regigigas,conciliado,
545,Giratina Altered Forme,giratina-altered,conciliado,
546,Giratina Origin Forme,giratina-origin,conciliado,
547,Cresselia,cresselia,conciliado,
548,Phione,phione,conciliado,
549,Manaphy,manaphy,conciliado,
550,Darkrai,darkrai,conciliado,
551,Shaymin Land Forme,shaymin-land,conciliado,
552,Shaymin Sky Forme,shaymin-sky,conciliado,
553,Arceus,arceus,conciliado,
554,Victini,victini,conciliado,
555,Snivy,snivy,conciliado,
556,Servine,servine,conciliado,
557,Serperior,serperior,conciliado,
558,Tepig,tepig,conciliado,
559,Pignite,pignite,conciliado,
560,Emboar,emboar,conciliado,
561,Oshawott,oshawott,conciliado,
562,Dewott,dewott,conciliado,
563,Samurott,samurott,conciliado,
564,Patrat,patrat,conciliado,
565,Watchog,watchog,conciliado,
566,Lillipup,lillipup,conciliado,
567,Herdier,herdier,conciliado,
568,Stoutland,stoutland,conciliado,
569,Purrloin,purrloin,conciliado,
570,Liepard,liepard,conciliado,
571,Pansage,pansage,conciliado,
572,Simisage,simisage,conciliado,
573,Pansear,pansear,conciliado,
574,Simisear,simisear,conciliado,
575,Panpour,panpour,conciliado,
576,Simipour,simipour,conciliado,
577,Munna,munna,conciliado,
578,Musharna,musharna,conciliado,
579,Pidove,pidove,conciliado,
580,Tranquill,tranquill,conciliado,
581,Unfezant,unfezant,conciliado,
582,Blitzle,blitzle,conciliado,
583,Zebstrika,zebstrika,conciliado,
584,Roggenrola,roggenrola,conciliado,
585,Boldore,boldore,conciliado,
586,Gigalith,gigalith,conciliado,
587,Woobat,woobat,conciliado,
588,Swoobat,swoobat,conciliado,
589,Drilbur,drilbur,conciliado,
590,Excadrill,excadrill,conciliado,
591,Audino,audino,conciliado,
592,Mega Audino,audino-mega,conciliado,
593,Timburr,timburr,conciliado,
594,Gurdurr,gurdurr,conciliado,
595,Conkeldurr,conkeldurr,conciliado,
596,Tympole,tympole,conciliado,
597,Palpitoad,palpitoad,conciliado,
598,Seismitoad,seismitoad,conciliado,
599,Throh,throh,conciliado,
600,Sawk,sawk,conciliado,
601,Sewaddle,sewaddle,conciliado,
602,Swadloon,swadloon,conciliado,
603,Leavanny,leavanny,conciliado,
604,Venipede,venipede,conciliado,
605,Whirlipede,whirlipede,conciliado,
606,Scolipede,scolipede,conciliado,
607,Cottonee,cottonee,conciliado,
608,Whimsicott,whimsicott,conciliado,
609,Petilil,petilil,conciliado,
610,Lilligant,lilligant,conciliado,
611,Basculin,basculin,conciliado,
612,Sandile,sandile,conciliado,
613,Krokorok,krokorok,conciliado,
614,Krookodile,krookodile,conciliado,
615,Darumaka,darumaka,conciliado,
616,Darmanitan Standard Mode,darmanitan-standard,conciliado,
617,Darmanitan Zen Mode,darmanitan-zen,conciliado,
618,Maractus,maractus,conciliado,
619,Dwebble,dwebble,conciliado,
620,Crustle,crustle,conciliado,
621,Scraggy,scraggy,conciliado,
622,Scrafty,scrafty,conciliado,
623,Sigilyph,sigilyph,conciliado,
624,Yamask,yamask,conciliado,
625,Cofagrigus,cofagrigus,conciliado,
626,Tirtouga,tirtouga,conciliado,
627,Carracosta,carracosta,conciliado,
628,Archen,archen,conciliado,
629,Archeops,archeops,conciliado,
630,Trubbish,trubbish,conciliado,
631,Garbodor,garbodor,conciliado,
632,Zorua,zorua,conciliado,
633,Zoroark,zoroark,conciliado,
634,Minccino,minccino,conciliado,
635,Cinccino,cinccino,conciliado,
636,Gothita,gothita,conciliado,
637,Gothorita,gothorita,conciliado,
638,Gothitelle,gothitelle,conciliado,
639,Solosis,solosis,conciliado,
640,Duosion,duosion,conciliado,
641,Reuniclus,reuniclus,conciliado,
642,Ducklett,ducklett,conciliado,
643,Swanna,swanna,conciliado,
644,Vanillite,vanillite,conciliado,
645,Vanillish,vanillish,conciliado,
646,Vanilluxe,vanilluxe,conciliado,
647,Deerling,deerling,conciliado,
648,Sawsbuck,sawsbuck,conciliado,
649,Emolga,emolga,conciliado,
650,Karrablast,karrablast,conciliado,
651,Escavalier,escavalier,conciliado,
652,Foongus,foongus,conciliado,
653,Amoonguss,amoonguss,conciliado,
654,Frillish,frillish,conciliado,
655,Jellicent,jellicent,conciliado,
656,Alomomola,alomomola,conciliado,
657,Joltik,joltik,conciliado,
658,Galvantula,galvantula,conciliado,
659,Ferroseed,ferroseed,conciliado,
660,Ferrothorn,ferrothorn,conciliado,
661,Klink,klink,conciliado,
662,Klang,klang,conciliado,
663,Klinklang,klinklang,conciliado,
664,Tynamo,tynamo,conciliado,
665,Eelektrik,eelektrik,conciliado,
666,Eelektross,eelektross,conciliado,
667,Elgyem,elgyem,conciliado,
668,Beheeyem,beheeyem,conciliado,
669,Litwick,litwick,conciliado,
670,Lampent,lampent,conciliado,
671,Chandelure,chandelure,conciliado,
672,Axew,axew,conciliado,
673,Fraxure,fraxure,conciliado,
674,Haxorus,haxorus,conciliado,
675,Cubchoo,cubchoo,conciliado,
676,Beartic,beartic,conciliado,
677,Cryogonal,cryogonal,conciliado,
678,Shelmet,shelmet,conciliado,
679,Accelgor,accelgor,conciliado,
680,Stunfisk,stunfisk,conciliado,
681,Mienfoo,mienfoo,conciliado,
682,Mienshao,mienshao,conciliado,
683,Druddigon,druddigon,conciliado,
684,Golett,golett,conciliado,
685,Golurk,golurk,conciliado,
686,Pawniard,pawniard,conciliado,
687,Bisharp,bisharp,conciliado,
688,Bouffalant,bouffalant,conciliado,
689,Rufflet,rufflet,conciliado,
690,Braviary,braviary,conciliado,
691,Vullaby,vullaby,conciliado,
692,Mandibuzz,mandibuzz,conciliado,
693,Heatmor,heatmor,conciliado,
694,Durant,durant,conciliado,
695,Deino,deino,conciliado,
696,Zweilous,zweilous,conciliado,
697,Hydreigon,hydreigon,conciliado,
698,Larvesta,larvesta,conciliado,
699,Volcarona,volcarona,conciliado,
700,Cobalion,cobalion,conciliado,
701,Terrakion,terrakion,conciliado,
702,Virizion,virizion,conciliado,
703,Tornadus Incarnate Forme,tornadus-incarnate,conciliado,
704,Tornadus Therian Forme,tornadus-therian,conciliado,
705,Thundurus Incarnate Forme,thundurus-incarnate,conciliado,
706,Thundurus Therian Forme,thundurus-therian,conciliado,
707,Reshiram,reshiram,conciliado,
708,Zekrom,zekrom,conciliado,
709,Landorus Incarnate Forme,landorus-incarnate,conciliado,
710,Landorus Therian Forme,landorus-therian,conciliado,
711,Kyurem,kyurem,conciliado,
712,Kyurem Black Kyurem,kyurem-black,conciliado,
713,Kyurem White Kyurem,kyurem-white,conciliado,
714,Keldeo Ordinary Forme,keldeo-ordinary,conciliado,
715,Keldeo Resolute Forme,keldeo-resolute,conciliado,
716,Meloetta Aria Forme,meloetta-aria,conciliado,
717,Meloetta Pirouette Forme,meloetta-pirouette,conciliado,
718,Genesect,genesect,conciliado,
719,Chespin,chespin,conciliado,
720,Quilladin,quilladin,conciliado,
721,Chesnaught,chesnaught,conciliado,
722,Fennekin,fennekin,conciliado,
723,Braixen,braixen,conciliado,
724,Delphox,delphox,conciliado,
725,Froakie,froakie,conciliado,
726,Frogadier,frogadier,conciliado,
727,Greninja,greninja,conciliado,
728,Bunnelby,bunnelby,conciliado,
729,Diggersby,diggersby,conciliado,
730,Fletchling,fletchling,conciliado,
731,Fletchinder,fletchinder,conciliado,
732,Talonflame,talonflame,conciliado,
733,Scatterbug,scatterbug,conciliado,
734,Spewpa,spewpa,conciliado,
735,Vivillon,vivillon,conciliado,
736,Litleo,litleo,conciliado,
737,Pyroar,pyroar,conciliado,
738,Flabébé,flabebe,conciliado,
739,Floette,floette,conciliado,
740,Florges,florges,conciliado,
741,Skiddo,skiddo,conciliado,
742,Gogoat,gogoat,conciliado,
743,Pancham,pancham,conciliado,
744,Pangoro,pangoro,conciliado,
745,Furfrou,furfrou,conciliado,
746,Espurr,espurr,conciliado,
747,Meowstic Male,meowstic-male,conciliado,
748,Meowstic Female,meowstic-female,conciliado,
749,Honedge,honedge,conciliado,
750,Doublade,doublade,conciliado,
751,Aegislash Blade Forme,aegislash-blade,conciliado,
752,Aegislash Shield Forme,aegislash-shield,conciliado,
753,Spritzee,spritzee,conciliado,
754,Aromatisse,aromatisse,conciliado,
755,Swirlix,swirlix,conciliado,
756,Slurpuff,slurpuff,conciliado,
757,Inkay,inkay,conciliado,
758,Malamar,malamar,conciliado,
759,Binacle,binacle,conciliado,
760,Barbaracle,barbaracle,conciliado,
761,Skrelp,skrelp,conciliado,
762,Dragalge,dragalge,conciliado,
763,Clauncher,clauncher,conciliado,
764,Clawitzer,clawitzer,conciliado,
765,Helioptile,helioptile,conciliado,
766,Heliolisk,heliolisk,conciliado,
767,Tyrunt,tyrunt,conciliado,
768,Tyrantrum,tyrantrum,conciliado,
769,Amaura,amaura,conciliado,
770,Aurorus,aurorus,conciliado,
771,Sylveon,sylveon,conciliado,
772,Hawlucha,hawlucha,conciliado,
773,Dedenne,dedenne,conciliado,
774,Carbink,carbink,conciliado,
775,Goomy,goomy,conciliado,
776,Sliggoo,sliggoo,conciliado,
777,Goodra,goodra,conciliado,
778,Klefki,klefki,conciliado,
779,Phantump,phantump,conciliado,
780,Trevenant,trevenant,conciliado,
781,Pumpkaboo Average Size,pumpkaboo-average,conciliado,
782,Pumpkaboo Small Size,pumpkaboo-small,conciliado,
783,Pumpkaboo Large Size,pumpkaboo-large,conciliado,
784,Pumpkaboo Super Size,pumpkaboo-super,conciliado,
785,Gourgeist Average Size,gourgeist-average,conciliado,
786,Gourgeist Small Size,gourgeist-small,conciliado,
787,Gourgeist Large Size,gourgeist-large,conciliado,
788,Gourgeist Super Size,gourgeist-super,conciliado,
789,Bergmite,bergmite,conciliado,
790,Avalugg,avalugg,conciliado,
791,Noibat,noibat,conciliado,
792,Noivern,noivern,conciliado,
793,Xerneas,xerneas,conciliado,
794,Yveltal,yveltal,conciliado,
795,Zygarde Half Forme,zygarde-50,conciliado,
796,Diancie,diancie,conciliado,
797,Mega Diancie,diancie-mega,conciliado,
798,Hoopa Confined,hoopa,conciliado,
799,Hoopa Unbound,hoopa-unbound,conciliado,
800,Volcanion,volcanion,conciliado,
